intent,user_message,bot_response,context,product_recommendations,styling_tips,image_urls,confidence_score
greet,hello,Hi there! üëã I'm your personal fashion assistant, ready to help you discover your perfect style! What can I help you with today?,casual conversation,,,0.95
greet,hi,Hey fashion lover! ‚ú® I'm here to help you look and feel amazing. What's on your mind today?,casual conversation,,,0.95
greet,good morning,Good morning! üåÖ Ready to start your day with some fabulous fashion inspiration? What would you like to explore today?,casual conversation,,,0.95
greet,hey there,Hey there! üëã I'm your fashion expert, ready to help you create amazing looks. What would you like to know about today?,casual conversation,,,0.95
greet,hello fashion assistant,Hello! üëó I'm your personal fashion assistant, here to help you discover your perfect style. What can I help you with today?,casual conversation,,,0.95
ask_recommendation,I need fashion advice,Of course! I'd love to help you with fashion advice! üí´ What specific area are you looking for help with? Are you thinking about:
‚Ä¢ Outfit recommendations for a special occasion
‚Ä¢ Building a capsule wardrobe
‚Ä¢ Finding your personal style
‚Ä¢ Seasonal trends and must-haves
‚Ä¢ Body type styling tips

Tell me more about what you have in mind!,fashion advice request,"High-waisted jeans, silk blouse, leather crossbody bag","Layer pieces for versatility, accessorize with statement jewelry",https://images.unsplash.com/photo-1521572163474-6864f9cf17ab?w=400,0.92
ask_recommendation,suggest an outfit,Great choice! Let me help you create the perfect outfit! üëó‚ú® 

To give you the best recommendations, I'd love to know:
‚Ä¢ What's the occasion? (casual, work, date night, etc.)
‚Ä¢ What's your preferred style? (minimalist, trendy, classic, etc.)
‚Ä¢ Any specific colors you love or want to avoid?
‚Ä¢ What's your budget range?

Once you share these details, I'll curate some amazing outfit combinations just for you!,outfit request,"Blazer dress, ankle boots, statement earrings","Mix high and low pieces, focus on fit over trends",https://images.unsplash.com/photo-1594633312681-425c7b97ccd1?w=400,0.94
ask_recommendation,what's trending,Exciting! Let me share what's hot right now! üî•

**Spring/Summer 2025 Trends:**
‚Ä¢ **Pastel Power** - Soft lavender, mint green, and peach tones
‚Ä¢ **Sustainable Fashion** - Eco-friendly materials and conscious shopping
‚Ä¢ **90s Revival** - High-waisted jeans, crop tops, and chunky sneakers
‚Ä¢ **Minimalist Maximalism** - Clean lines with bold accessories
‚Ä¢ **Athleisure 2.0** - Elevated activewear for everyday wear

**Must-Have Pieces:**
‚Ä¢ Oversized blazers
‚Ä¢ Wide-leg pants
‚Ä¢ Statement jewelry
‚Ä¢ Comfortable heels
‚Ä¢ Crossbody bags

Would you like me to show you specific pieces in any of these categories?,trends request,"Oversized blazer, wide-leg jeans, statement earrings","Start with one trendy piece, build around classics",https://images.unsplash.com/photo-1549298916-b41d501d3772?w=400,0.96
specify_category,I want jeans,Perfect! Jeans are a wardrobe essential! üëñ Let me show you some amazing options:

**Our Top Jeans Picks:**

1. **High-Waisted Skinny Jeans** - $49.99
   - Flattering high-rise fit
   - Stretch denim for comfort
   - Perfect for tucking in tops

2. **Relaxed Fit Straight Jeans** - $59.99
   - Comfortable straight leg
   - Versatile for any occasion
   - Great for all body types

3. **Wide-Leg Jeans** - $69.99
   - Trendy wide-leg silhouette
   - High-waisted design
   - Perfect for creating long legs

**Styling Tips:**
‚Ä¢ Pair with a tucked-in blouse for a polished look
‚Ä¢ Add a belt to define your waist
‚Ä¢ Wear with sneakers for casual or heels for dressy

What style appeals to you most? I can show you more details and styling options!,jeans request,"High-waisted skinny jeans, relaxed fit straight jeans, wide-leg jeans","Tuck in tops, add belts, mix with different shoes",https://images.unsplash.com/photo-1542272604-787c3835535d?w=400,0.93
specify_category,I need tops,Absolutely! Tops are the foundation of any great outfit! üëö Here are some fabulous options:

**Our Top Tops Picks:**

1. **Relaxed Fit T-Shirt** - $24.99
   - 100% organic cotton
   - Perfect for layering
   - Available in multiple colors

2. **Silk Blouse** - $89.99
   - Luxurious silk fabric
   - Professional and elegant
   - Perfect for work or special occasions

3. **Chunky Knit Sweater** - $69.99
   - Cozy wool blend
   - Perfect for cold weather
   - Relaxed, comfortable fit

**Styling Tips:**
‚Ä¢ Layer t-shirts under blazers for a smart-casual look
‚Ä¢ Tuck silk blouses into high-waisted bottoms
‚Ä¢ Pair sweaters with jeans or skirts

Which style catches your eye? I can show you more details and help you style them!,tops request,"Relaxed fit t-shirt, silk blouse, chunky knit sweater","Layer for versatility, tuck for polish, accessorize minimally",https://images.unsplash.com/photo-1578662996442-48f60103fc96?w=400,0.94
specify_category,I want dresses,Gorgeous! Dresses are perfect for any occasion! üëó Let me show you some stunning options:

**Our Top Dresses Picks:**

1. **Blazer Dress** - $89.99
   - Professional and sophisticated
   - Perfect for work or interviews
   - Structured silhouette

2. **Maxi Dress** - $79.99
   - Beautiful floral pattern
   - Perfect for summer events
   - Flowy, romantic silhouette

3. **Casual Midi Dress** - $59.99
   - Versatile for everyday wear
   - Comfortable and stylish
   - Great for all body types

**Styling Tips:**
‚Ä¢ Add a belt to define your waist
‚Ä¢ Layer with a denim jacket for casual looks
‚Ä¢ Accessorize with statement jewelry

What occasion are you shopping for? I can recommend the perfect dress for you!,dresses request,"Blazer dress, maxi dress, casual midi dress","Add belts for definition, layer for versatility, accessorize thoughtfully",https://images.unsplash.com/photo-1515372039744-b8f02a3ae446?w=400,0.95
specify_category,I want shoes,Perfect! Shoes can make or break an outfit! üë† Let me show you some fabulous options:

**Our Top Shoes Picks:**

1. **Comfortable Block Heels** - $79.99
   - 3-inch block heel for stability
   - Perfect for work or events
   - Available in multiple colors

2. **Classic Sneakers** - $59.99
   - Versatile for everyday wear
   - Comfortable and stylish
   - Great for casual outfits

3. **Ankle Boots** - $89.99
   - Perfect for fall and winter
   - Versatile with jeans or dresses
   - Comfortable heel height

**Styling Tips:**
‚Ä¢ Match shoe color to your outfit's color palette
‚Ä¢ Consider the occasion when choosing heel height
‚Ä¢ Invest in quality shoes that last

What style are you looking for? I can help you find the perfect pair!,shoes request,"Block heels, classic sneakers, ankle boots","Match colors to outfit, consider occasion, invest in quality",https://images.unsplash.com/photo-1549298916-b41d501d3772?w=400,0.93
specify_category,I need accessories,Excellent choice! Accessories are the finishing touch that elevates any outfit! üíç Let me show you some stunning options:

**Our Top Accessories Picks:**

1. **Statement Earrings** - $29.99
   - Bold and eye-catching
   - Perfect for special occasions
   - Available in various styles

2. **Leather Crossbody Bag** - $49.99
   - Hands-free convenience
   - Perfect for everyday use
   - Versatile with any outfit

3. **Layered Necklaces** - $39.99
   - Trendy layered look
   - Perfect for layering
   - Great for casual and dressy looks

**Styling Tips:**
‚Ä¢ Choose one statement piece per outfit
‚Ä¢ Mix metals for a modern look
‚Ä¢ Consider your neckline when choosing necklaces

What type of accessory are you looking for? I can help you find the perfect piece!,accessories request,"Statement earrings, crossbody bag, layered necklaces","One statement piece per outfit, mix metals, consider neckline",https://images.unsplash.com/photo-1544022613-e87ca75a784a?w=400,0.94
specify_category,I want outerwear,Perfect! Outerwear is essential for completing your look! üß• Let me show you some amazing options:

**Our Top Outerwear Picks:**

1. **Oversized Blazer** - $89.99
   - Trendy oversized fit
   - Perfect for work or casual
   - Versatile with any outfit

2. **Classic Trench Coat** - $129.99
   - Timeless and elegant
   - Perfect for spring and fall
   - Great investment piece

3. **Cozy Cardigan** - $59.99
   - Comfortable and warm
   - Perfect for layering
   - Available in various colors

**Styling Tips:**
‚Ä¢ Layer over any outfit for instant polish
‚Ä¢ Choose neutral colors for maximum versatility
‚Ä¢ Consider the weather and occasion

What style of outerwear are you looking for? I can help you find the perfect piece!,outerwear request,"Oversized blazer, trench coat, cozy cardigan","Layer for polish, choose neutrals, consider weather",https://images.unsplash.com/photo-1544022613-e87ca75a784a?w=400,0.95
ask_size_guide,size guide help,Of course! Let me help you find your perfect fit! üìè

**How to Measure Yourself:**

**Bust:** Measure around the fullest part of your chest
**Waist:** Measure around your natural waistline
**Hips:** Measure around the fullest part of your hips
**Inseam:** Measure from crotch to desired length

**Our Size Chart:**
‚Ä¢ **XS:** Bust 32", Waist 24", Hips 34"
‚Ä¢ **S:** Bust 34", Waist 26", Hips 36"
‚Ä¢ **M:** Bust 36", Waist 28", Hips 38"
‚Ä¢ **L:** Bust 38", Waist 30", Hips 40"
‚Ä¢ **XL:** Bust 40", Waist 32", Hips 42"
‚Ä¢ **XXL:** Bust 42", Waist 34", Hips 44"

**Pro Tips:**
‚Ä¢ When in doubt, size up for comfort
‚Ä¢ Check the fit guide for each specific item
‚Ä¢ Consider your preferred fit (slim, regular, relaxed)

What size are you looking for? I can help you find the perfect fit!,size guidance,,,0.97
ask_trending,what's in style,Exciting! Let me share what's trending right now! üåü

**Spring/Summer 2025 Trends:**

**Colors:**
‚Ä¢ **Pastel Power:** Soft lavender, mint green, peach
‚Ä¢ **Neutral Neutrals:** Beige, cream, warm whites
‚Ä¢ **Bold Brights:** Electric blue, hot pink, sunshine yellow

**Silhouettes:**
‚Ä¢ **Oversized Everything:** Blazers, sweaters, shirts
‚Ä¢ **High-Waisted:** Jeans, skirts, shorts
‚Ä¢ **Wide-Leg:** Pants, jeans, skirts

**Fabrics:**
‚Ä¢ **Sustainable Materials:** Organic cotton, recycled polyester
‚Ä¢ **Textured Knits:** Chunky sweaters, cable knit
‚Ä¢ **Lightweight:** Linen, silk, breathable cotton

**Accessories:**
‚Ä¢ **Statement Jewelry:** Bold earrings, layered necklaces
‚Ä¢ **Crossbody Bags:** Hands-free convenience
‚Ä¢ **Comfortable Heels:** Block heels, platform sandals

**Must-Have Pieces:**
‚Ä¢ Oversized blazer
‚Ä¢ High-waisted wide-leg jeans
‚Ä¢ Statement earrings
‚Ä¢ Crossbody bag
‚Ä¢ Comfortable block heels

Which trend interests you most? I can show you specific pieces!,trends information,"Oversized blazer, wide-leg jeans, statement earrings","Start with one trendy piece, build around classics",https://images.unsplash.com/photo-1544022613-e87ca75a784a?w=400,0.96
ask_outfit_combination,outfit combination,Perfect! Let me help you create a complete outfit! üëó‚ú®

**Complete Outfit Ideas:**

**Casual Day Look:**
‚Ä¢ Relaxed fit t-shirt + High-waisted jeans + Sneakers + Crossbody bag

**Work Professional:**
‚Ä¢ Silk blouse + Wide-leg pants + Block heels + Structured bag

**Date Night:**
‚Ä¢ Midi dress + Ankle boots + Statement earrings + Clutch

**Weekend Brunch:**
‚Ä¢ Oversized blazer + Jeans + Sneakers + Layered necklaces

**Styling Tips:**
‚Ä¢ Start with one statement piece
‚Ä¢ Mix high and low items
‚Ä¢ Consider color coordination
‚Ä¢ Accessorize thoughtfully

What occasion are you dressing for? I can create a perfect outfit for you!,outfit combination request,"Complete outfit combinations for various occasions","Start with statement piece, mix high and low, coordinate colors",https://images.unsplash.com/photo-1594633312681-425c7b97ccd1?w=400,0.94
ask_style_advice,style advice,Absolutely! Let me give you some expert style advice! üí´

**Universal Style Tips:**

**For Every Body Type:**
‚Ä¢ Focus on fit over size
‚Ä¢ Choose clothes that make you feel confident
‚Ä¢ Invest in quality basics
‚Ä¢ Don't be afraid to experiment

**Color Coordination:**
‚Ä¢ Start with neutral basics
‚Ä¢ Add pops of color with accessories
‚Ä¢ Consider your skin tone
‚Ä¢ Use the color wheel for complementary colors

**Building a Wardrobe:**
‚Ä¢ Start with 10-15 versatile pieces
‚Ä¢ Mix and match items
‚Ä¢ Invest in quality over quantity
‚Ä¢ Consider your lifestyle

**Accessorizing:**
‚Ä¢ Less is more - choose one statement piece
‚Ä¢ Mix metals for a modern look
‚Ä¢ Consider the occasion
‚Ä¢ Let accessories complement, not compete

What specific area would you like advice on? I'm here to help!,style advice request,"Versatile wardrobe pieces, quality basics, statement accessories","Focus on fit, start with neutrals, invest in quality",https://images.unsplash.com/photo-1521572163474-6864f9cf17ab?w=400,0.95
ask_personalized_advice,personalized advice,Of course! I'd love to give you personalized style advice! üí´

To provide the best recommendations, I'd like to know:

**About You:**
‚Ä¢ What's your body type? (hourglass, petite, plus size, etc.)
‚Ä¢ What age group are you in?
‚Ä¢ What's your preferred style? (classic, trendy, minimalist, etc.)

**About Your Lifestyle:**
‚Ä¢ What occasions do you dress for most?
‚Ä¢ What's your budget range?
‚Ä¢ What's your comfort level with fashion?

**About Your Goals:**
‚Ä¢ What image do you want to project?
‚Ä¢ What areas do you want to improve?
‚Ä¢ What's your biggest style challenge?

Once you share these details, I can give you tailored advice that's perfect for you!,personalized advice request,"Body type specific recommendations, age-appropriate styles, lifestyle-based suggestions","Consider body type, match lifestyle, set realistic goals",https://images.unsplash.com/photo-1521572163474-6864f9cf17ab?w=400,0.93
ask_fashion_tips,fashion tips,Excellent! Let me share some valuable fashion tips! üí°

**Essential Fashion Tips:**

**Shopping Smart:**
‚Ä¢ Always try clothes on before buying
‚Ä¢ Check the fabric quality
‚Ä¢ Consider care instructions
‚Ä¢ Think about versatility

**Caring for Clothes:**
‚Ä¢ Read care labels carefully
‚Ä¢ Use cold water to preserve colors
‚Ä¢ Air dry when possible
‚Ä¢ Store clothes properly

**Building a Capsule Wardrobe:**
‚Ä¢ Start with 10-15 versatile pieces
‚Ä¢ Choose neutral colors as base
‚Ä¢ Add seasonal pieces
‚Ä¢ Mix and match everything

**Styling Secrets:**
‚Ä¢ Tuck in tops for polish
‚Ä¢ Add a belt to define waist
‚Ä¢ Layer for dimension
‚Ä¢ Accessorize thoughtfully

**Budget-Friendly Tips:**
‚Ä¢ Invest in quality basics
‚Ä¢ Shop sales strategically
‚Ä¢ Mix high and low pieces
‚Ä¢ Take care of what you have

Which area would you like to learn more about?,fashion tips request,"Quality basics, versatile pieces, care essentials","Invest in basics, care for clothes, mix high and low",https://images.unsplash.com/photo-1521572163474-6864f9cf17ab?w=400,0.96
goodbye,bye,Thanks for chatting with me! üëã I hope I helped you discover some amazing fashion inspiration. Don't forget to check out our latest collection - there's always something new to love! Come back anytime for more style advice. Happy shopping! ‚ú®,farewell,,,0.95
goodbye,goodbye,It's been a pleasure helping you with your style journey! üí´ Remember, great fashion is all about confidence and feeling amazing in what you wear. Check out our website for the latest trends and don't hesitate to come back for more fashion advice. Stay fabulous! üëó‚ú®,farewell,,,0.95
goodbye,see you later,See you later! üëã Thanks for spending time with your fashion assistant. I hope you found some great style inspiration today. Remember, confidence is the best accessory! Come back anytime for more fashion advice. Stay stylish! ‚ú®,farewell,,,0.95 